-- Permissões
insert into Permissoes(Id, Descricao, Authorize)
values('F294AC92-9A02-4374-AB2F-92C259B4A54E', 'Pode acessar a tela de Atendimentos', 'atendimentos')
insert into Permissoes(Id, Descricao, Authorize)
values('52DBCCE9-A3CF-4C90-AEFD-A7F1467CC950', 'Pode acessar a tela de Usuários', 'usuarios')
insert into Permissoes(Id, Descricao, Authorize)
values('14a50201-b541-42ee-8430-2d578e02312a', 'Pode acessar a tela de Regiões', 'regioes')
insert into Permissoes(Id, Descricao, Authorize)
values('76E50968-DCD1-4759-AAF8-9B3F4F33498A', 'Pode acessar a tela de Configurações', 'configuracoes')
insert into Permissoes(Id, Descricao, Authorize)
values('E8B12CEA-AEE0-4F02-AA6E-D6B58BBDD58A', 'Pode acessar a tela de Motivos', 'motivos')
insert into Permissoes(Id, Descricao, Authorize)
values('E4ED5B1D-BD18-4077-B417-06DCF57928E1', 'Pode acessar a tela de Vistoriadores', 'vistoriadores')
insert into Permissoes(Id, Descricao, Authorize)
values('B6B56AA1-B48B-4F31-8AB7-0E57375E111A', 'Pode acessar o relatório de Faturamento', 'relfaturamento')
insert into Permissoes(Id, Descricao, Authorize)
values('494FE77C-08B9-4E25-B177-AE53991472E0', 'Pode acessar a tela de Cidades', 'cidades')
insert into Permissoes(Id, Descricao, Authorize)
values('35DBEE6E-88F3-4F5E-8043-A2E602B5F777', 'Pode acessar o relatório de Estatística', 'relestatistica')
insert into Permissoes(Id, Descricao, Authorize)
values('17DCDB05-844F-4D62-8586-9E35A1F04525', 'Pode acessar o relatório de Vistorias por Vistoriador', 'relvistoriasporvistoriador')
insert into Permissoes(Id, Descricao, Authorize)
values('33FC2E8C-85B2-4117-8BA5-0E2459BD9DD2', 'Pode acessar o relatório de Vistorias por Região', 'relvistoriasporregiao')

-- Configuracoes
insert into Configuracoes(Id, DiasAvisarParaAgendar, PrazoMaximoEmDiasParaAgendar, DiasAvisarParaVistoriar, PrazoMaximoEmDiasParaVistoriar) values('D29C376B-4DAD-47E2-9848-FBF944742379', 3, 8, 5, 10)

-- Motivos - Agendamento
insert into Motivos(Id, Descricao, TipoMotivo) values('0B15EF54-8655-48B5-AF58-89C082EDBDCD', 'Vistoria antecipada com autorização', 'Agendamento')

-- Motivos - Vistoria
insert into Motivos(Id, Descricao, TipoMotivo) values('AA1C4F4B-1FAE-4D37-804F-04AF6A99AF96', 'Não liga', 'Vistoria')
insert into Motivos(Id, Descricao, TipoMotivo) values('10E285A0-C6CB-4627-BD0D-158092D440FE', 'Fora do local', 'Vistoria')
insert into Motivos(Id, Descricao, TipoMotivo) values('00A008CC-4045-4085-81EF-21B13608CD10', 'Outra polegada', 'Vistoria')
insert into Motivos(Id, Descricao, TipoMotivo) values('6DEE3DE3-8DC5-4F79-AD5F-7DFC9B6FA3AE', 'Liga', 'Vistoria')
insert into Motivos(Id, Descricao, TipoMotivo) values('2FE698B1-DFBB-43D3-9B08-A2D3F9988923', 'Outro modelo', 'Vistoria')
insert into Motivos(Id, Descricao, TipoMotivo) values('1894FC2E-FD2B-40D0-BA52-BB33434F2980', 'No conserto', 'Vistoria')
insert into Motivos(Id, Descricao, TipoMotivo) values('BD10C231-A661-425D-9BA8-C78AFCBCDDD8', 'Desmontado', 'Vistoria')
insert into Motivos(Id, Descricao, TipoMotivo) values('1CC44A93-9A9D-4D05-BF97-C9452561F4A6', 'Jogou fora', 'Vistoria')
insert into Motivos(Id, Descricao, TipoMotivo) values('89441FFB-7108-4DE0-8530-F14413F81846', 'Outro equipamento', 'Vistoria')
insert into Motivos(Id, Descricao, TipoMotivo) values('39DD4069-A25A-4234-AFE3-F949346040B8', 'Outra marca', 'Vistoria')

-- Regiões
insert into Regioes(Id, Nome, ValorVistoria, ValorRecolhimento) values('1780346E-9CAA-45E7-83D1-6EA0F0EDA318', 'Vale do Rio Pardo', 0, 0)
insert into Regioes(Id, Nome, ValorVistoria, ValorRecolhimento) values('D4BA2DBA-7AC6-43B4-A13E-CA4E32A2C1F0', 'Canoas', 0, 0)
insert into Regioes(Id, Nome, ValorVistoria, ValorRecolhimento) values('D4B71091-9B41-47B6-AFD8-EA9DD13F4842', 'Central', 0, 0)
insert into Regioes(Id, Nome, ValorVistoria, ValorRecolhimento) values('2E957833-20EF-4C2C-8AD2-3C1E599E9DB9', 'Missões', 0, 0)
insert into Regioes(Id, Nome, ValorVistoria, ValorRecolhimento) values('4CBCBC96-7FAA-4FF2-816F-503F31B2B233', 'Norte', 0, 0)
insert into Regioes(Id, Nome, ValorVistoria, ValorRecolhimento) values('1DCB9EFC-8CEA-46FE-B512-74D5DA9FF2AD', 'Pampa', 0, 0)
insert into Regioes(Id, Nome, ValorVistoria, ValorRecolhimento) values('188B8260-5EB3-48A7-A9C4-41D953E141DA', 'Serra', 0, 0)
insert into Regioes(Id, Nome, ValorVistoria, ValorRecolhimento) values('9702F592-CC2C-4A46-9EA7-998EB061A85A', 'Vale dos Sinos', 0, 0)
insert into Regioes(Id, Nome, ValorVistoria, ValorRecolhimento) values('02DFF760-2559-451D-A2E7-FB1501F8CC52', 'Vale do Taquari', 0, 0)
insert into Regioes(Id, Nome, ValorVistoria, ValorRecolhimento) values('72430313-C720-40DA-B771-0FB8EDC867A0', 'Planalto', 0, 0)

-- Cidades
insert into Cidades(Id, IdRegiao, Nome) values('A8474852-C38A-4B41-BC71-004498289858', '188B8260-5EB3-48A7-A9C4-41D953E141DA', 'SAO JOSE DOS AUSENTES')
insert into Cidades(Id, IdRegiao, Nome) values('6769A4F9-8B46-491C-9403-004C27F345EB', '4CBCBC96-7FAA-4FF2-816F-503F31B2B233', 'PORTO XAVIER')
insert into Cidades(Id, IdRegiao, Nome) values('7190B60D-A05C-43FB-AF03-012D9512C000', '9702F592-CC2C-4A46-9EA7-998EB061A85A', 'MORRO REUTER')
insert into Cidades(Id, IdRegiao, Nome) values('1BD50600-E8B8-4F8A-8B4D-012DFC563D93', '2E957833-20EF-4C2C-8AD2-3C1E599E9DB9', 'AJURICABA')
insert into Cidades(Id, IdRegiao, Nome) values('23FF1723-5097-45A8-8626-012E16772242', '1780346E-9CAA-45E7-83D1-6EA0F0EDA318', 'CERRO BRANCO')
insert into Cidades(Id, IdRegiao, Nome) values('5439E17C-3D1F-44E1-BC2D-013D9B56B218', '1780346E-9CAA-45E7-83D1-6EA0F0EDA318', 'NOVO CABRAIS')
insert into Cidades(Id, IdRegiao, Nome) values('EABA0308-8273-4FB4-A406-022C1D9D3AB7', '72430313-C720-40DA-B771-0FB8EDC867A0', 'PASSO FUNDO')
insert into Cidades(Id, IdRegiao, Nome) values('E8EB802D-C435-4BA4-B6EB-027ADFE86DD3', '1780346E-9CAA-45E7-83D1-6EA0F0EDA318', 'RESTINGA SECA')
insert into Cidades(Id, IdRegiao, Nome) values('6F1D0A46-EB57-4A7C-A194-03D265E9254A', '02DFF760-2559-451D-A2E7-FB1501F8CC52', 'NOVA BRESCIA')
insert into Cidades(Id, IdRegiao, Nome) values('D421C9CA-58C6-4A24-88EB-03D9352F7A80', '02DFF760-2559-451D-A2E7-FB1501F8CC52', 'PAVERAMA')
insert into Cidades(Id, IdRegiao, Nome) values('2726BD07-59B5-42AA-AA1B-03DAC7C56D2C', '4CBCBC96-7FAA-4FF2-816F-503F31B2B233', 'REDENTORA')
insert into Cidades(Id, IdRegiao, Nome) values('6F4B1273-55CE-4277-8B6C-06609EFC2843', '72430313-C720-40DA-B771-0FB8EDC867A0', 'COXILHA')
insert into Cidades(Id, IdRegiao, Nome) values('902FD7C7-1264-4F33-9085-068C9D9D23B7', '72430313-C720-40DA-B771-0FB8EDC867A0', 'ANDRE DA ROCHA')
insert into Cidades(Id, IdRegiao, Nome) values('A7DBBEC9-314E-456A-90C1-068DBE05C975', '188B8260-5EB3-48A7-A9C4-41D953E141DA', 'SAO MARCOS')
insert into Cidades(Id, IdRegiao, Nome) values('C959F70C-DF91-4D94-BA6B-068F22064B56', '02DFF760-2559-451D-A2E7-FB1501F8CC52', 'POCO DAS ANTAS')
insert into Cidades(Id, IdRegiao, Nome) values('F5754DAA-4DE3-4478-A5B2-07DF59E98D51', '72430313-C720-40DA-B771-0FB8EDC867A0', 'SANANDUVA')
insert into Cidades(Id, IdRegiao, Nome) values('4120C5D3-4F39-4BC5-8DF4-0830B55913D4', '4CBCBC96-7FAA-4FF2-816F-503F31B2B233', 'BOA VISTA DAS MISSOES')
insert into Cidades(Id, IdRegiao, Nome) values('C2B9A412-2B98-4DD1-AB85-08E1044E3B69', '2E957833-20EF-4C2C-8AD2-3C1E599E9DB9', 'BOSSOROCA')
insert into Cidades(Id, IdRegiao, Nome) values('83842C46-C54D-4C5B-BB75-09B1E87A1A20', '02DFF760-2559-451D-A2E7-FB1501F8CC52', 'SAO SEBASTIAO DO CAI')
insert into Cidades(Id, IdRegiao, Nome) values('2772544A-69A4-4B0E-B345-09F67B0FDD79', '9702F592-CC2C-4A46-9EA7-998EB061A85A', 'ROLANTE')
insert into Cidades(Id, IdRegiao, Nome) values('70F6005A-0EBC-4AF6-8DF7-0A3E53C6058C', 'D4B71091-9B41-47B6-AFD8-EA9DD13F4842', 'SANTA BARBARA DO SUL')
insert into Cidades(Id, IdRegiao, Nome) values('1C0FA453-9ADA-43EE-874D-0A92CEBD16C2', '72430313-C720-40DA-B771-0FB8EDC867A0', 'SANTO EXPEDITO DO SUL')
insert into Cidades(Id, IdRegiao, Nome) values('5CF5BFB3-5989-4FAD-8BBF-0A942498E1D0', '4CBCBC96-7FAA-4FF2-816F-503F31B2B233', 'RONDA ALTA')
insert into Cidades(Id, IdRegiao, Nome) values('2FAF28E1-E8CE-4BE5-90E6-0ADF1942127F', '2E957833-20EF-4C2C-8AD2-3C1E599E9DB9', 'SANTO ANGELO')
insert into Cidades(Id, IdRegiao, Nome) values('950DFD00-1FFF-4792-BF35-0B19CDD2DC50', '2E957833-20EF-4C2C-8AD2-3C1E599E9DB9', 'SAO VICENTE DO SUL')
insert into Cidades(Id, IdRegiao, Nome) values('B7A99988-A238-4B5C-B0EC-0B5035B63C9B', '4CBCBC96-7FAA-4FF2-816F-503F31B2B233', 'FAXINALZINHO')
insert into Cidades(Id, IdRegiao, Nome) values('E30AB832-B7CF-4F65-BF57-0BFF8F7807CE', '02DFF760-2559-451D-A2E7-FB1501F8CC52', 'ROCA SALES')
insert into Cidades(Id, IdRegiao, Nome) values('C74CDAD2-55E9-45D7-8DA6-0C6DD60046DE', 'D4B71091-9B41-47B6-AFD8-EA9DD13F4842', 'SANTA MARIA')
insert into Cidades(Id, IdRegiao, Nome) values('7AE8D88B-6562-4EAE-8983-0C7B24254DD5', '72430313-C720-40DA-B771-0FB8EDC867A0', 'SERAFINA CORREA')
insert into Cidades(Id, IdRegiao, Nome) values('10117341-9596-44CF-A93E-0CA079FFC774', '4CBCBC96-7FAA-4FF2-816F-503F31B2B233', 'SAO MARTINHO')
insert into Cidades(Id, IdRegiao, Nome) values('A5F67EF8-D762-4122-BB4B-0DA3136A43AF', '2E957833-20EF-4C2C-8AD2-3C1E599E9DB9', 'SAO FRANCISCO DE ASSIS')
insert into Cidades(Id, IdRegiao, Nome) values('2A71723E-F875-44B1-8474-0EDA690C3FBA', '4CBCBC96-7FAA-4FF2-816F-503F31B2B233', 'SAO VALENTIM')
insert into Cidades(Id, IdRegiao, Nome) values('A61F041A-3715-4FDA-BDFF-0F298187D1B8', '4CBCBC96-7FAA-4FF2-816F-503F31B2B233', 'CAICARA')
insert into Cidades(Id, IdRegiao, Nome) values('B3C81E9C-90D8-419E-A5F7-0F738BB3D3AA', '4CBCBC96-7FAA-4FF2-816F-503F31B2B233', 'SANTA ROSA')
insert into Cidades(Id, IdRegiao, Nome) values('066D61DF-E539-4883-B821-0FB635C0915B', '4CBCBC96-7FAA-4FF2-816F-503F31B2B233', 'ALPESTRE')
insert into Cidades(Id, IdRegiao, Nome) values('4C2F0F1D-9FE4-41BC-9A75-10288FD600A8', '02DFF760-2559-451D-A2E7-FB1501F8CC52', 'SAO VENDELINO')
insert into Cidades(Id, IdRegiao, Nome) values('71E5305A-4B67-4A09-BD2B-10CB92AA0F2E', '1780346E-9CAA-45E7-83D1-6EA0F0EDA318', 'SEGREDO')
insert into Cidades(Id, IdRegiao, Nome) values('1B1EF250-2C8F-461E-B95C-11EACEA615F4', '4CBCBC96-7FAA-4FF2-816F-503F31B2B233', 'AMETISTA DO SUL')
insert into Cidades(Id, IdRegiao, Nome) values('E9F55974-A87E-448E-A687-123D93B8E0A0', '2E957833-20EF-4C2C-8AD2-3C1E599E9DB9', 'SAO NICOLAU')
insert into Cidades(Id, IdRegiao, Nome) values('E32CD7CE-9D6A-4CBA-B4D5-12C31B0896B9', '2E957833-20EF-4C2C-8AD2-3C1E599E9DB9', 'SAO PEDRO DO BUTIA')
insert into Cidades(Id, IdRegiao, Nome) values('D9918EC2-6678-4490-9DBA-14519F7832EF', '02DFF760-2559-451D-A2E7-FB1501F8CC52', 'HARMONIA')
insert into Cidades(Id, IdRegiao, Nome) values('8762652C-6E4C-4115-B303-1484F2CD3F3B', '02DFF760-2559-451D-A2E7-FB1501F8CC52', 'BOM PRINCIPIO')
insert into Cidades(Id, IdRegiao, Nome) values('D4712C44-DBC9-4906-8D32-14E2AF4B14A2', '4CBCBC96-7FAA-4FF2-816F-503F31B2B233', 'INHACORA')
insert into Cidades(Id, IdRegiao, Nome) values('154EB9B2-51B1-4398-8CD3-153410CB086B', '1780346E-9CAA-45E7-83D1-6EA0F0EDA318', 'TRIUNFO')
insert into Cidades(Id, IdRegiao, Nome) values('9C1376C4-94CA-49DE-8E52-15497A70D701', '02DFF760-2559-451D-A2E7-FB1501F8CC52', 'TABAI')
insert into Cidades(Id, IdRegiao, Nome) values('878B1CE9-23DC-4039-9288-15B63F9E46C6', '9702F592-CC2C-4A46-9EA7-998EB061A85A', 'IVOTI')
insert into Cidades(Id, IdRegiao, Nome) values('B6C8AAFE-2483-496B-97C0-171FC1E4C414', '02DFF760-2559-451D-A2E7-FB1501F8CC52', 'FAZENDA VILANOVA')
insert into Cidades(Id, IdRegiao, Nome) values('6724DB4D-5EC6-4923-86AE-172126518926', '4CBCBC96-7FAA-4FF2-816F-503F31B2B233', 'ALECRIM')
insert into Cidades(Id, IdRegiao, Nome) values('6833420B-F77A-4203-95EB-17923F4CB8C7', '4CBCBC96-7FAA-4FF2-816F-503F31B2B233', 'CERRO GRANDE')
insert into Cidades(Id, IdRegiao, Nome) values('67F73871-A271-401A-BBC4-1888C19196F6', 'D4B71091-9B41-47B6-AFD8-EA9DD13F4842', 'ESTRELA VELHA')
insert into Cidades(Id, IdRegiao, Nome) values('89D2F2B2-73E8-4B03-8E69-18A5AE9824D4', '4CBCBC96-7FAA-4FF2-816F-503F31B2B233', 'SAO JOSE DO INHACORA')
insert into Cidades(Id, IdRegiao, Nome) values('3D9D17AD-5A99-440D-B9FA-18B6AAC71254', '1780346E-9CAA-45E7-83D1-6EA0F0EDA318', 'SANTA CRUZ DO SUL')
insert into Cidades(Id, IdRegiao, Nome) values('46FC2433-3CD2-4F43-A33D-18BF033D1CC4', '4CBCBC96-7FAA-4FF2-816F-503F31B2B233', 'CANDIDO GODOI')
insert into Cidades(Id, IdRegiao, Nome) values('BBD98016-AE90-4A61-A8DC-190032335AF5', 'D4B71091-9B41-47B6-AFD8-EA9DD13F4842', 'QUEVEDOS')
insert into Cidades(Id, IdRegiao, Nome) values('F1BEC1D2-EF12-4F5A-8621-1A71F72379D7', 'D4B71091-9B41-47B6-AFD8-EA9DD13F4842', 'LAVRAS DO SUL')
insert into Cidades(Id, IdRegiao, Nome) values('34611726-BD04-419E-82B9-1C047B0E8556', '2E957833-20EF-4C2C-8AD2-3C1E599E9DB9', 'ENTRE IJUIS')
insert into Cidades(Id, IdRegiao, Nome) values('E348ABDC-878C-45BD-A7A5-1C2F33A2C341', 'D4BA2DBA-7AC6-43B4-A13E-CA4E32A2C1F0', 'ESTEIO')
insert into Cidades(Id, IdRegiao, Nome) values('89ECA935-B965-4148-9853-1C72549BDA1B', '02DFF760-2559-451D-A2E7-FB1501F8CC52', 'SAO JOSE DO SUL')
insert into Cidades(Id, IdRegiao, Nome) values('803CC18E-8078-4A96-AD53-1C8FCB38A064', 'D4BA2DBA-7AC6-43B4-A13E-CA4E32A2C1F0', 'NOVA SANTA RITA')
insert into Cidades(Id, IdRegiao, Nome) values('A6F8811D-6AB8-43A5-89C1-1CFFD3FEC4B2', '72430313-C720-40DA-B771-0FB8EDC867A0', 'FONTOURA XAVIER')
insert into Cidades(Id, IdRegiao, Nome) values('828C7A56-C582-4E6D-B62A-1DB076117334', '1780346E-9CAA-45E7-83D1-6EA0F0EDA318', 'ARROIO DO TIGRE')
insert into Cidades(Id, IdRegiao, Nome) values('898232D6-C510-4C24-9A17-1FB307A67243', '1780346E-9CAA-45E7-83D1-6EA0F0EDA318', 'LAGOAO')
insert into Cidades(Id, IdRegiao, Nome) values('2E0FFA87-6856-4710-9239-20896F5D6FB1', '1DCB9EFC-8CEA-46FE-B512-74D5DA9FF2AD', 'BARRA DO QUARAI')
insert into Cidades(Id, IdRegiao, Nome) values('134EEE5B-494B-4A03-A4B6-20ADAC7D39C4', '4CBCBC96-7FAA-4FF2-816F-503F31B2B233', 'CAMPINAS DO SUL')
insert into Cidades(Id, IdRegiao, Nome) values('7B06B91D-1922-48A5-BE4B-20DF75753579', '02DFF760-2559-451D-A2E7-FB1501F8CC52', 'IMIGRANTE')
insert into Cidades(Id, IdRegiao, Nome) values('9F9C8D50-0757-4282-BF47-20FE69E1DC6B', '72430313-C720-40DA-B771-0FB8EDC867A0', 'UNIAO DA SERRA')
insert into Cidades(Id, IdRegiao, Nome) values('6517B2C7-1730-4DD5-8166-211887B9B6F1', '72430313-C720-40DA-B771-0FB8EDC867A0', 'GETULIO VARGAS')
insert into Cidades(Id, IdRegiao, Nome) values('FFDB4FB6-BD21-4284-88B8-2201675198E9', '188B8260-5EB3-48A7-A9C4-41D953E141DA', 'VACARIA')
insert into Cidades(Id, IdRegiao, Nome) values('653E78AD-315D-4E19-BCD0-22ADB58DF601', 'D4B71091-9B41-47B6-AFD8-EA9DD13F4842', 'FORMIGUEIRO')
insert into Cidades(Id, IdRegiao, Nome) values('F7275393-5DBA-42C8-9C6F-22BCE82ABD00', '72430313-C720-40DA-B771-0FB8EDC867A0', 'ANTA GORDA')
insert into Cidades(Id, IdRegiao, Nome) values('CC26D358-078C-4A15-9982-237C12F1AD39', 'D4B71091-9B41-47B6-AFD8-EA9DD13F4842', 'IBIRUBA')
insert into Cidades(Id, IdRegiao, Nome) values('808F8E4E-3A8D-407E-8E63-2541547898EF', 'D4B71091-9B41-47B6-AFD8-EA9DD13F4842', 'TUPANCIRETA')
insert into Cidades(Id, IdRegiao, Nome) values('9BF75D52-6F8C-4C69-BEAD-267E1BC5416F', 'D4B71091-9B41-47B6-AFD8-EA9DD13F4842', 'JARI')
insert into Cidades(Id, IdRegiao, Nome) values('9BC39845-0C7A-4E2D-8612-27ECD692434E', '72430313-C720-40DA-B771-0FB8EDC867A0', 'GENTIL')
insert into Cidades(Id, IdRegiao, Nome) values('9A79F412-C678-4A4D-801E-29081CB74E4E', '72430313-C720-40DA-B771-0FB8EDC867A0', 'CENTENARIO')
insert into Cidades(Id, IdRegiao, Nome) values('AD8E3CC3-9255-40C2-AAC3-29FDDF8B2A6F', '02DFF760-2559-451D-A2E7-FB1501F8CC52', 'SALVADOR DO SUL')
insert into Cidades(Id, IdRegiao, Nome) values('1C329E64-8086-4E60-9E1B-2B15560F705D', '02DFF760-2559-451D-A2E7-FB1501F8CC52', 'CAPELA DE SANTANA')
insert into Cidades(Id, IdRegiao, Nome) values('A6EB0C39-AA3A-4907-AFBE-2BDCB2F3EB69', '4CBCBC96-7FAA-4FF2-816F-503F31B2B233', 'FREDERICO WESTPHALEN')
insert into Cidades(Id, IdRegiao, Nome) values('00A9D1F8-E15B-4B17-AB33-2D0D8887120E', 'D4B71091-9B41-47B6-AFD8-EA9DD13F4842', 'SILVEIRA MARTINS')
insert into Cidades(Id, IdRegiao, Nome) values('5CEF791F-9741-44B9-A114-2D71B3DBE61C', '1780346E-9CAA-45E7-83D1-6EA0F0EDA318', 'SOBRADINHO')
insert into Cidades(Id, IdRegiao, Nome) values('54389E5C-25F1-41F3-9487-2D81D8BB9247', '1DCB9EFC-8CEA-46FE-B512-74D5DA9FF2AD', 'ROSARIO DO SUL')
insert into Cidades(Id, IdRegiao, Nome) values('96E52719-0DA8-451C-9ACA-2E58934CC5F6', '02DFF760-2559-451D-A2E7-FB1501F8CC52', 'LAJEADO')
insert into Cidades(Id, IdRegiao, Nome) values('045BF4B8-BD20-45C2-BBB2-2EE78F7D7036', '72430313-C720-40DA-B771-0FB8EDC867A0', 'DAVID CANABARRO')
insert into Cidades(Id, IdRegiao, Nome) values('8CE010BB-3233-4E49-B734-2F5829D48F5F', '1780346E-9CAA-45E7-83D1-6EA0F0EDA318', 'SINIMBU')
insert into Cidades(Id, IdRegiao, Nome) values('50A24EDE-CF56-449E-BADB-300F44503FF9', '02DFF760-2559-451D-A2E7-FB1501F8CC52', 'ESTANCIA VELHA')
insert into Cidades(Id, IdRegiao, Nome) values('8FC8435C-66A9-4636-B480-3089677C786E', '72430313-C720-40DA-B771-0FB8EDC867A0', 'IPIRANGA DO SUL')
insert into Cidades(Id, IdRegiao, Nome) values('0E1BA4D0-8843-4EB2-B71A-30D1079A6E74', '72430313-C720-40DA-B771-0FB8EDC867A0', 'CAMARGO')
insert into Cidades(Id, IdRegiao, Nome) values('825C0ABD-63CA-41D9-BCBB-3349BF3DCB69', 'D4B71091-9B41-47B6-AFD8-EA9DD13F4842', 'TOROPI')
insert into Cidades(Id, IdRegiao, Nome) values('8795C7AC-55D4-406D-9012-335DD0A11C36', '02DFF760-2559-451D-A2E7-FB1501F8CC52', 'MARATA')
insert into Cidades(Id, IdRegiao, Nome) values('5D4F7B39-4193-4794-9267-3430A5E7759E', '9702F592-CC2C-4A46-9EA7-998EB061A85A', 'NOVO HAMBURGO')
insert into Cidades(Id, IdRegiao, Nome) values('9C1DBC0A-68BD-4C77-AEFA-344C3FDA1AC5', '2E957833-20EF-4C2C-8AD2-3C1E599E9DB9', 'SANTO ANTONIO DAS MISSOES')
insert into Cidades(Id, IdRegiao, Nome) values('FFBFD3A1-B41A-42AA-8CF6-347E7BA49C74', '4CBCBC96-7FAA-4FF2-816F-503F31B2B233', 'NOVA CANDELARIA')
insert into Cidades(Id, IdRegiao, Nome) values('50218365-3289-4006-AEEA-34940FB5527F', '02DFF760-2559-451D-A2E7-FB1501F8CC52', 'SANTA TEREZA')
insert into Cidades(Id, IdRegiao, Nome) values('6041AECF-3787-4E8A-9E2C-3504E7053F03', 'D4B71091-9B41-47B6-AFD8-EA9DD13F4842', 'PANAMBI')
insert into Cidades(Id, IdRegiao, Nome) values('5AB2F9F4-5FAF-4BC8-BB41-35B273FE6239', '1780346E-9CAA-45E7-83D1-6EA0F0EDA318', 'PARAISO DO SUL')
insert into Cidades(Id, IdRegiao, Nome) values('C7D92E1E-F8EA-4B8C-9CF9-368862122B9D', '72430313-C720-40DA-B771-0FB8EDC867A0', 'DOIS LAJEADOS')
insert into Cidades(Id, IdRegiao, Nome) values('05DEF4A6-85E6-4524-A4F5-38091F94C3F8', '4CBCBC96-7FAA-4FF2-816F-503F31B2B233', 'TAQUARUCU DO SUL')
insert into Cidades(Id, IdRegiao, Nome) values('9B8F7C8A-E59C-46E5-BFD7-3838812E062C', '72430313-C720-40DA-B771-0FB8EDC867A0', 'AUREA')
insert into Cidades(Id, IdRegiao, Nome) values('896372B1-9CE1-45E7-A992-38A64AEE9D7A', '1DCB9EFC-8CEA-46FE-B512-74D5DA9FF2AD', 'QUARAI')
insert into Cidades(Id, IdRegiao, Nome) values('A3A07E87-78F5-40C3-9A63-38D4DA9BF8EC', '9702F592-CC2C-4A46-9EA7-998EB061A85A', 'SANTO ANTONIO DA PATRULHA')
insert into Cidades(Id, IdRegiao, Nome) values('BE5B04D0-2FDA-47A7-A7E9-3A6E9F05BA8D', '4CBCBC96-7FAA-4FF2-816F-503F31B2B233', 'TRINDADE DO SUL')
insert into Cidades(Id, IdRegiao, Nome) values('A21BB679-CEC5-4097-8EF5-3AB8157BE06C', '72430313-C720-40DA-B771-0FB8EDC867A0', 'MARCELINO RAMOS')
insert into Cidades(Id, IdRegiao, Nome) values('85998525-3CC4-4C98-A2B0-3B0E719CBDC2', '4CBCBC96-7FAA-4FF2-816F-503F31B2B233', 'TRES PASSOS')
insert into Cidades(Id, IdRegiao, Nome) values('AB51BF55-C9AE-427D-A282-3B20D3369DE2', '4CBCBC96-7FAA-4FF2-816F-503F31B2B233', 'PONTE PRETA')
insert into Cidades(Id, IdRegiao, Nome) values('586FEFC8-BBE0-4D32-B7FF-3C93C5487123', '72430313-C720-40DA-B771-0FB8EDC867A0', 'SAO JOSE DO OURO')
insert into Cidades(Id, IdRegiao, Nome) values('0D0990BA-06FC-4B8C-8F09-3DD153EDFC29', '02DFF760-2559-451D-A2E7-FB1501F8CC52', 'GARIBALDI')
insert into Cidades(Id, IdRegiao, Nome) values('565BDD83-C583-405F-8344-40016A0DFCEC', '4CBCBC96-7FAA-4FF2-816F-503F31B2B233', 'SENADOR SALGADO FILHO')
insert into Cidades(Id, IdRegiao, Nome) values('EE0AB850-53EF-4F71-8533-40463195BB40', '02DFF760-2559-451D-A2E7-FB1501F8CC52', 'BENTO GONCALVES')
insert into Cidades(Id, IdRegiao, Nome) values('322D326D-7994-451A-856E-412075F01675', '188B8260-5EB3-48A7-A9C4-41D953E141DA', 'NOVA PETROPOLIS')
insert into Cidades(Id, IdRegiao, Nome) values('B9F2C455-6181-40E8-9EB3-424B45F7B661', '4CBCBC96-7FAA-4FF2-816F-503F31B2B233', 'ALEGRIA')
insert into Cidades(Id, IdRegiao, Nome) values('80410A42-60D9-4D45-8A5B-426CC4CCE19E', '2E957833-20EF-4C2C-8AD2-3C1E599E9DB9', 'NOVA ESPERANCA DO SUL')
insert into Cidades(Id, IdRegiao, Nome) values('838548DD-42B4-4D0C-8F6A-42913B2123FE', '72430313-C720-40DA-B771-0FB8EDC867A0', 'LAGOA DOS TRES CANTOS')
insert into Cidades(Id, IdRegiao, Nome) values('F0CBA654-6B69-441B-9272-42B3EE12DB5A', 'D4B71091-9B41-47B6-AFD8-EA9DD13F4842', 'SAO SEPE')
insert into Cidades(Id, IdRegiao, Nome) values('904F808D-1F12-48CB-8318-432320260180', '2E957833-20EF-4C2C-8AD2-3C1E599E9DB9', 'PIRAPO')
insert into Cidades(Id, IdRegiao, Nome) values('89B0E833-6DA9-4EF5-8CFA-434F5B4A1B67', '02DFF760-2559-451D-A2E7-FB1501F8CC52', 'PARECI NOVO')
insert into Cidades(Id, IdRegiao, Nome) values('DCC084C2-AC3F-4483-8CB2-435249DFFDE3', 'D4B71091-9B41-47B6-AFD8-EA9DD13F4842', 'SANTANA DA BOA VISTA')
insert into Cidades(Id, IdRegiao, Nome) values('3E3E95D0-E2AF-4B33-9E9D-440A26078941', '72430313-C720-40DA-B771-0FB8EDC867A0', 'VICTOR GRAEFF')
insert into Cidades(Id, IdRegiao, Nome) values('AD6312F4-48C8-4017-B774-44294780694C', '1780346E-9CAA-45E7-83D1-6EA0F0EDA318', 'IBARAMA')
insert into Cidades(Id, IdRegiao, Nome) values('44B80301-8328-4FD8-9002-44CA71FFD364', '02DFF760-2559-451D-A2E7-FB1501F8CC52', 'BARAO')
insert into Cidades(Id, IdRegiao, Nome) values('91EA5FBE-ECA8-4B06-B03F-453E5C6B5C5A', 'D4B71091-9B41-47B6-AFD8-EA9DD13F4842', 'SAO JOAO DO POLESINE')
insert into Cidades(Id, IdRegiao, Nome) values('BE0FEFCC-3AA5-4243-8C2F-472AD970C685', '72430313-C720-40DA-B771-0FB8EDC867A0', 'SANTO ANTONIO DO PALMA')
insert into Cidades(Id, IdRegiao, Nome) values('FBA171AE-33EE-4FEC-85EE-49D5394C8805', '188B8260-5EB3-48A7-A9C4-41D953E141DA', 'PINHAL DA SERRA')
insert into Cidades(Id, IdRegiao, Nome) values('84EC4139-F948-4D0E-92D7-4A7ABDBC3903', '188B8260-5EB3-48A7-A9C4-41D953E141DA', 'CANELA')
insert into Cidades(Id, IdRegiao, Nome) values('8F0AF7CB-F23C-423D-9B6A-4BCC20EC47E8', '4CBCBC96-7FAA-4FF2-816F-503F31B2B233', 'HORIZONTINA')
insert into Cidades(Id, IdRegiao, Nome) values('973DEAA9-3160-4AEC-AA09-4CBDEB62C4E4', '1780346E-9CAA-45E7-83D1-6EA0F0EDA318', 'TAQUARI')
insert into Cidades(Id, IdRegiao, Nome) values('822EAD6E-94B0-455D-AAC0-4D5ADC97060D', '9702F592-CC2C-4A46-9EA7-998EB061A85A', 'SAO LEOPOLDO')
insert into Cidades(Id, IdRegiao, Nome) values('EF367B67-3BFE-41C0-B64D-4EC6F518A892', '72430313-C720-40DA-B771-0FB8EDC867A0', 'PARAI')
insert into Cidades(Id, IdRegiao, Nome) values('DA4FC0B7-1D82-43C4-A4AA-4ED510F65402', '72430313-C720-40DA-B771-0FB8EDC867A0', 'BARAO DE COTEGIPE')
insert into Cidades(Id, IdRegiao, Nome) values('2C2CF241-C686-4FF7-A202-4F13C4F045A1', '02DFF760-2559-451D-A2E7-FB1501F8CC52', 'ENCANTADO')
insert into Cidades(Id, IdRegiao, Nome) values('659ADA0C-F8AE-4D14-A6FB-4F65A3A94F68', 'D4B71091-9B41-47B6-AFD8-EA9DD13F4842', 'BOZANO')
insert into Cidades(Id, IdRegiao, Nome) values('62E9FE0F-A3CC-46F0-9AD3-500605B1FB44', 'D4B71091-9B41-47B6-AFD8-EA9DD13F4842', 'SALDANHA MARINHO')
insert into Cidades(Id, IdRegiao, Nome) values('67AECA4B-8A22-4583-97AA-506CDD9EC5FD', '4CBCBC96-7FAA-4FF2-816F-503F31B2B233', 'SEDE NOVA')
insert into Cidades(Id, IdRegiao, Nome) values('46E695AB-6673-48C9-9369-51EB15872CBF', '2E957833-20EF-4C2C-8AD2-3C1E599E9DB9', 'DEZESSEIS DE NOVEMBRO')
insert into Cidades(Id, IdRegiao, Nome) values('9D606F9C-4D05-481D-8456-52842A6BAE3D', 'D4B71091-9B41-47B6-AFD8-EA9DD13F4842', 'BOA VISTA DO CADEADO')
insert into Cidades(Id, IdRegiao, Nome) values('4AB03FC6-08E0-498C-BFE1-528BA3F51027', '72430313-C720-40DA-B771-0FB8EDC867A0', 'PROTASIO ALVES')
insert into Cidades(Id, IdRegiao, Nome) values('55965ED4-2594-415A-AFDA-5299E5A44C44', '188B8260-5EB3-48A7-A9C4-41D953E141DA', 'ANTONIO PRADO')
insert into Cidades(Id, IdRegiao, Nome) values('A4369629-E8BD-4D87-8C21-52A8002A0E58', '02DFF760-2559-451D-A2E7-FB1501F8CC52', 'LINHA NOVA')
insert into Cidades(Id, IdRegiao, Nome) values('057B6E65-33F4-4E3C-BE35-531B7158ADD7', '72430313-C720-40DA-B771-0FB8EDC867A0', 'TAPERA')
insert into Cidades(Id, IdRegiao, Nome) values('CE8A65F0-24C1-45C7-B047-53C2A6B732AD', '9702F592-CC2C-4A46-9EA7-998EB061A85A', 'DOIS IRMAOS')
insert into Cidades(Id, IdRegiao, Nome) values('6E42E9D0-26B0-4C4A-8AB6-542777E09185', 'D4B71091-9B41-47B6-AFD8-EA9DD13F4842', 'SAO PEDRO DO SUL')
insert into Cidades(Id, IdRegiao, Nome) values('D0BB05AE-7893-45D5-A711-54761823046F', 'D4B71091-9B41-47B6-AFD8-EA9DD13F4842', 'IVORA')
insert into Cidades(Id, IdRegiao, Nome) values('64CE6922-4821-4450-B740-54C481A83854', 'D4B71091-9B41-47B6-AFD8-EA9DD13F4842', 'ITAARA')
insert into Cidades(Id, IdRegiao, Nome) values('0FD8C7F7-708D-46F3-AF06-561C6DA1C7A1', '2E957833-20EF-4C2C-8AD2-3C1E599E9DB9', 'SAO LUIZ GONZAGA')
insert into Cidades(Id, IdRegiao, Nome) values('3AE45748-F1C8-41F0-96C1-57118193FD39', '72430313-C720-40DA-B771-0FB8EDC867A0', 'GUABIJU')
insert into Cidades(Id, IdRegiao, Nome) values('A6463EDA-F04C-49FF-842C-573ADC34F575', '4CBCBC96-7FAA-4FF2-816F-503F31B2B233', 'RONDINHA')
insert into Cidades(Id, IdRegiao, Nome) values('F4959F7D-0A67-4602-B831-575356C8B5E3', '1780346E-9CAA-45E7-83D1-6EA0F0EDA318', 'PASSA SETE')
insert into Cidades(Id, IdRegiao, Nome) values('A2F92D20-0685-4E33-8489-5A04B9D0A89B', '4CBCBC96-7FAA-4FF2-816F-503F31B2B233', 'VISTA GAUCHA')
insert into Cidades(Id, IdRegiao, Nome) values('F67EB059-3010-4A73-A180-5B96EE2142AA', 'D4B71091-9B41-47B6-AFD8-EA9DD13F4842', 'DILERMANDO DE AGUIAR')
insert into Cidades(Id, IdRegiao, Nome) values('192EDBC3-C062-486B-B535-5C26DA87880B', '9702F592-CC2C-4A46-9EA7-998EB061A85A', 'SAPIRANGA')
insert into Cidades(Id, IdRegiao, Nome) values('FF15B1CD-5E45-4DF1-BE5E-5C91FC387A49', '02DFF760-2559-451D-A2E7-FB1501F8CC52', 'MUCUM')
insert into Cidades(Id, IdRegiao, Nome) values('E89554F4-21B7-4009-9380-5CE5D965E899', '9702F592-CC2C-4A46-9EA7-998EB061A85A', 'TRES COROAS')
insert into Cidades(Id, IdRegiao, Nome) values('D7216D05-86D3-4A94-A1E8-5D3D393B11AD', '9702F592-CC2C-4A46-9EA7-998EB061A85A', 'IGREJINHA')
insert into Cidades(Id, IdRegiao, Nome) values('FD6F23E0-3253-4393-B549-5D9FE8F9C25C', '1780346E-9CAA-45E7-83D1-6EA0F0EDA318', 'LAGOA BONITA DO SUL')
insert into Cidades(Id, IdRegiao, Nome) values('FA78FBDB-55C8-443C-883B-5ED917107850', '9702F592-CC2C-4A46-9EA7-998EB061A85A', 'PAROBE')
insert into Cidades(Id, IdRegiao, Nome) values('5C771ED7-4C10-4888-84ED-5F58EE3AA80C', '02DFF760-2559-451D-A2E7-FB1501F8CC52', 'VALE REAL')
insert into Cidades(Id, IdRegiao, Nome) values('C847B60A-16BC-41D3-AB89-5F98311E78A1', '4CBCBC96-7FAA-4FF2-816F-503F31B2B233', 'RIO DOS INDIOS')
insert into Cidades(Id, IdRegiao, Nome) values('5A31F8D2-608B-429C-880E-605A3CFB5C28', '1780346E-9CAA-45E7-83D1-6EA0F0EDA318', 'VENANCIO AIRES')
insert into Cidades(Id, IdRegiao, Nome) values('4C7D7AC4-6DBC-4546-803A-6093002A1BDD', '4CBCBC96-7FAA-4FF2-816F-503F31B2B233', 'CAMPINA DAS MISSOES')
insert into Cidades(Id, IdRegiao, Nome) values('91F8F169-FC31-4599-A0CC-61324BAC4D10', '2E957833-20EF-4C2C-8AD2-3C1E599E9DB9', 'MACAMBARA')
insert into Cidades(Id, IdRegiao, Nome) values('C00787EF-195A-4565-B61A-61A0876FC6BE', 'D4B71091-9B41-47B6-AFD8-EA9DD13F4842', 'NOVA PALMA')
insert into Cidades(Id, IdRegiao, Nome) values('1A631FEF-B337-4EB3-ABBA-61AA084BBFC1', '4CBCBC96-7FAA-4FF2-816F-503F31B2B233', 'BOM PROGRESSO')
insert into Cidades(Id, IdRegiao, Nome) values('DE8B1032-F22F-48D4-B5A2-61B8F1B3B3D6', '4CBCBC96-7FAA-4FF2-816F-503F31B2B233', 'TUCUNDUVA')
insert into Cidades(Id, IdRegiao, Nome) values('DEBA0202-C443-415D-B902-62AA55891F05', '2E957833-20EF-4C2C-8AD2-3C1E599E9DB9', 'SALVADOR DAS MISSOES')
insert into Cidades(Id, IdRegiao, Nome) values('93DF4268-AAC3-43FE-BEB5-63EF3B1A72F8', '72430313-C720-40DA-B771-0FB8EDC867A0', 'PAULO BENTO')
insert into Cidades(Id, IdRegiao, Nome) values('B31FFD1D-4A4B-49CB-8650-6414892AB75D', '72430313-C720-40DA-B771-0FB8EDC867A0', 'VERANOPOLIS')
insert into Cidades(Id, IdRegiao, Nome) values('1922FAE4-9763-4E3E-B076-643493345B8E', 'D4BA2DBA-7AC6-43B4-A13E-CA4E32A2C1F0', 'CACHOEIRINHA')
insert into Cidades(Id, IdRegiao, Nome) values('F5920EA3-3E46-4542-AA08-64CDCF2085FF', '4CBCBC96-7FAA-4FF2-816F-503F31B2B233', 'NOVA BOA VISTA')
insert into Cidades(Id, IdRegiao, Nome) values('254C470A-D62F-4ECA-98C4-65A0FB22F04A', '4CBCBC96-7FAA-4FF2-816F-503F31B2B233', 'SANTO CRISTO')
insert into Cidades(Id, IdRegiao, Nome) values('FFC22A13-D333-40DD-B453-65F6C1B0E98A', '4CBCBC96-7FAA-4FF2-816F-503F31B2B233', 'TIRADENTES DO SUL')
insert into Cidades(Id, IdRegiao, Nome) values('FDA065BC-E9C4-4523-8626-67AFED2BCA49', '72430313-C720-40DA-B771-0FB8EDC867A0', 'ITAPUCA')
insert into Cidades(Id, IdRegiao, Nome) values('37BCEB71-67BF-4587-8E94-68170DCB1EBE', '02DFF760-2559-451D-A2E7-FB1501F8CC52', 'COLINAS')
insert into Cidades(Id, IdRegiao, Nome) values('BAC3D001-701A-424B-8D44-690FC5FA9938', '4CBCBC96-7FAA-4FF2-816F-503F31B2B233', 'CRISSIUMAL')
insert into Cidades(Id, IdRegiao, Nome) values('89F94C7D-6FAB-4D68-BC72-693A96A95CBC', '1780346E-9CAA-45E7-83D1-6EA0F0EDA318', 'GRAMADO XAVIER')
insert into Cidades(Id, IdRegiao, Nome) values('F04FC226-A787-476C-8E7A-6CD8AE63ED38', '4CBCBC96-7FAA-4FF2-816F-503F31B2B233', 'NOVO MACHADO')
insert into Cidades(Id, IdRegiao, Nome) values('062F8917-1C81-4D5B-A1EC-6CF5408ADB06', '188B8260-5EB3-48A7-A9C4-41D953E141DA', 'FLORES DA CUNHA')
insert into Cidades(Id, IdRegiao, Nome) values('F7453B25-9914-4B6D-B27A-6E121B40A532', '4CBCBC96-7FAA-4FF2-816F-503F31B2B233', 'INDEPENDENCIA')
insert into Cidades(Id, IdRegiao, Nome) values('C5FAD6B3-E3CA-4BA8-90B9-6E9CC1EA0B5C', '9702F592-CC2C-4A46-9EA7-998EB061A85A', 'ARARICA')
insert into Cidades(Id, IdRegiao, Nome) values('28210432-09CF-4A35-9BE4-6F2F1CB294DE', '4CBCBC96-7FAA-4FF2-816F-503F31B2B233', 'LIBERATO SALZANO')
insert into Cidades(Id, IdRegiao, Nome) values('C16B2289-5B82-420D-BD7F-6F75D8F0CA64', '188B8260-5EB3-48A7-A9C4-41D953E141DA', 'ESMERALDA')
insert into Cidades(Id, IdRegiao, Nome) values('0A20BEC6-A31E-46C6-B7D1-70A8DED65FF2', '4CBCBC96-7FAA-4FF2-816F-503F31B2B233', 'BOA VISTA DO BURICA')
insert into Cidades(Id, IdRegiao, Nome) values('0C846277-61E7-4CBC-87A6-71152525B81B', '188B8260-5EB3-48A7-A9C4-41D953E141DA', 'CAMBARA DO SUL')
insert into Cidades(Id, IdRegiao, Nome) values('82CC934B-BA88-473D-8857-71407CF781B7', '4CBCBC96-7FAA-4FF2-816F-503F31B2B233', 'GIRUA')
insert into Cidades(Id, IdRegiao, Nome) values('1C6C5161-68F5-4284-B0B6-72429B8B9DF3', '1780346E-9CAA-45E7-83D1-6EA0F0EDA318', 'PASSO DO SOBRADO')
insert into Cidades(Id, IdRegiao, Nome) values('6D7A08E6-A398-4ECD-AE45-7253AA021CBD', '72430313-C720-40DA-B771-0FB8EDC867A0', 'BARROS CASSAL')
insert into Cidades(Id, IdRegiao, Nome) values('B7956255-AD23-4083-BD12-735167A8BE67', '72430313-C720-40DA-B771-0FB8EDC867A0', 'PUTINGA')
insert into Cidades(Id, IdRegiao, Nome) values('C9A4FA23-53F0-4BA3-A47E-74F127CEE29D', '1780346E-9CAA-45E7-83D1-6EA0F0EDA318', 'CANDELARIA')
insert into Cidades(Id, IdRegiao, Nome) values('D2959B7E-4F8A-476D-ABA1-75247B0384E2', '02DFF760-2559-451D-A2E7-FB1501F8CC52', 'ALTO FELIZ')
insert into Cidades(Id, IdRegiao, Nome) values('09E5D78E-6E23-4FF6-8CB6-768F0D2A9C46', '4CBCBC96-7FAA-4FF2-816F-503F31B2B233', 'TUPARENDI')
insert into Cidades(Id, IdRegiao, Nome) values('48C5500B-AE87-4205-A0E2-76A273ADED0B', '72430313-C720-40DA-B771-0FB8EDC867A0', 'NAO-ME-TOQUE')
insert into Cidades(Id, IdRegiao, Nome) values('679F8023-EA1D-4B7E-8228-7716860901FD', '72430313-C720-40DA-B771-0FB8EDC867A0', 'MULITERNO')
insert into Cidades(Id, IdRegiao, Nome) values('3F996ECF-1988-44B6-BAE2-7987DBE4886E', '02DFF760-2559-451D-A2E7-FB1501F8CC52', 'FARROUPILHA')
insert into Cidades(Id, IdRegiao, Nome) values('1153E620-4592-4867-B5F9-79A33F0E74EC', '2E957833-20EF-4C2C-8AD2-3C1E599E9DB9', 'CACEQUI')
insert into Cidades(Id, IdRegiao, Nome) values('22AFDFE6-8F00-4676-8A68-79C0FCD01528', '4CBCBC96-7FAA-4FF2-816F-503F31B2B233', 'CHIAPETTA')
insert into Cidades(Id, IdRegiao, Nome) values('0108ECE2-930E-4D0A-BB7B-7CA8E914FAA8', '188B8260-5EB3-48A7-A9C4-41D953E141DA', 'PICADA CAFE')
insert into Cidades(Id, IdRegiao, Nome) values('E5FA4622-D790-4BD2-B55F-7E42986A6E75', 'D4BA2DBA-7AC6-43B4-A13E-CA4E32A2C1F0', 'CANOAS')
insert into Cidades(Id, IdRegiao, Nome) values('12D6F83D-028E-47B6-AD61-7F7405DEF468', '72430313-C720-40DA-B771-0FB8EDC867A0', 'MONTAURI')
insert into Cidades(Id, IdRegiao, Nome) values('66E91FB1-E70B-4031-8991-7F96EA75C540', '2E957833-20EF-4C2C-8AD2-3C1E599E9DB9', 'CAPAO DO CIPO')
insert into Cidades(Id, IdRegiao, Nome) values('5352EA5E-A25A-4197-ADE5-7FB8FF32DE19', '9702F592-CC2C-4A46-9EA7-998EB061A85A', 'SANTA MARIA DO HERVAL')
insert into Cidades(Id, IdRegiao, Nome) values('78739297-29A0-42FA-9DFB-81716FF7F2CB', '02DFF760-2559-451D-A2E7-FB1501F8CC52', 'ARROIO DO MEIO')
insert into Cidades(Id, IdRegiao, Nome) values('05A5A7A0-8CCD-4E07-8D74-81AA55388D29', '72430313-C720-40DA-B771-0FB8EDC867A0', 'ARATIBA')
insert into Cidades(Id, IdRegiao, Nome) values('D4FAC2CE-5F9D-47DE-84A9-8442156056AE', '4CBCBC96-7FAA-4FF2-816F-503F31B2B233', 'ESPERANCA DO SUL')
insert into Cidades(Id, IdRegiao, Nome) values('F27FDB79-BE24-4BB6-86A9-846182ACCD35', '4CBCBC96-7FAA-4FF2-816F-503F31B2B233', 'ERVAL SECO')
insert into Cidades(Id, IdRegiao, Nome) values('82AE7AFE-623F-4C07-868B-84F25D3724E6', '02DFF760-2559-451D-A2E7-FB1501F8CC52', 'TUPANDI')
insert into Cidades(Id, IdRegiao, Nome) values('CF58F58A-E04D-4385-95D1-85F37E13BE61', '1780346E-9CAA-45E7-83D1-6EA0F0EDA318', 'GENERAL CAMARA')
insert into Cidades(Id, IdRegiao, Nome) values('78FB6A59-B954-457B-BF6E-8699F6436DD3', '2E957833-20EF-4C2C-8AD2-3C1E599E9DB9', 'SANTIAGO')
insert into Cidades(Id, IdRegiao, Nome) values('FF5090CA-1F20-47E0-B9DC-879C5B2CCB95', '72430313-C720-40DA-B771-0FB8EDC867A0', 'NOVA PRATA')
insert into Cidades(Id, IdRegiao, Nome) values('BCF145F8-881E-4503-AA93-8803E40F2CD1', '9702F592-CC2C-4A46-9EA7-998EB061A85A', 'TAQUARA')
insert into Cidades(Id, IdRegiao, Nome) values('5ADBFCA2-BDB5-49B0-8B90-888A41B09ECB', '4CBCBC96-7FAA-4FF2-816F-503F31B2B233', 'ENTRE RIOS DO SUL')
insert into Cidades(Id, IdRegiao, Nome) values('E8027761-882F-4BE3-A18A-88EDCC6DAA3F', 'D4B71091-9B41-47B6-AFD8-EA9DD13F4842', 'SAO GRABRIEL')
insert into Cidades(Id, IdRegiao, Nome) values('317E888D-6664-4EFC-B001-8A8E8C34FED6', '02DFF760-2559-451D-A2E7-FB1501F8CC52', 'BOM RETIRO DO SUL')
insert into Cidades(Id, IdRegiao, Nome) values('71A73072-AC0D-44D6-BBE9-8AF2B6CAF11F', '1DCB9EFC-8CEA-46FE-B512-74D5DA9FF2AD', 'SANTANA DO LIVRAMENTO')
insert into Cidades(Id, IdRegiao, Nome) values('8700CE1D-9E8A-47ED-81CF-8BF220C2B58A', '72430313-C720-40DA-B771-0FB8EDC867A0', 'SAO VALENTIM DO SUL')
insert into Cidades(Id, IdRegiao, Nome) values('7C4F8184-1EAE-4A72-AD7B-8CB607841B67', '02DFF760-2559-451D-A2E7-FB1501F8CC52', 'SANTA CLARA DO SUL')
insert into Cidades(Id, IdRegiao, Nome) values('8A5FA7ED-836B-4F15-B354-8CC2F7CDDE2C', '2E957833-20EF-4C2C-8AD2-3C1E599E9DB9', 'SETE DE SETEMBRO')
insert into Cidades(Id, IdRegiao, Nome) values('475F6B4A-D8C9-44BC-9B5E-8D79D25D2550', '188B8260-5EB3-48A7-A9C4-41D953E141DA', 'CAMPESTRE DA SERRA')
insert into Cidades(Id, IdRegiao, Nome) values('DFCE73D1-4AA4-4AFF-89A6-8DF97A874894', '02DFF760-2559-451D-A2E7-FB1501F8CC52', 'VESPASIANO CORREA')
insert into Cidades(Id, IdRegiao, Nome) values('3A1F5A11-AD60-4262-9CD4-8E144159439B', '1780346E-9CAA-45E7-83D1-6EA0F0EDA318', 'FAXINAL DO SOTURNO')
insert into Cidades(Id, IdRegiao, Nome) values('60122527-A435-4DC2-9291-8E31598B46DA', '72430313-C720-40DA-B771-0FB8EDC867A0', 'ITATIBA DO SUL')
insert into Cidades(Id, IdRegiao, Nome) values('EB8B6F26-0445-4ACA-8DD5-8E801215A9C3', '72430313-C720-40DA-B771-0FB8EDC867A0', 'ERECHIM')
insert into Cidades(Id, IdRegiao, Nome) values('E64015D4-27E5-4805-8F52-8E88B6F70E79', '72430313-C720-40DA-B771-0FB8EDC867A0', 'GUAPORE')
insert into Cidades(Id, IdRegiao, Nome) values('12C2EEF8-A725-4C08-8482-8F80C261FFBD', '4CBCBC96-7FAA-4FF2-816F-503F31B2B233', 'TRES DE MAIO')
insert into Cidades(Id, IdRegiao, Nome) values('16F519B8-7861-410F-82F0-8FAEBB529571', '02DFF760-2559-451D-A2E7-FB1501F8CC52', 'FELIZ')
insert into Cidades(Id, IdRegiao, Nome) values('93FC8097-F178-48CB-895E-90E74AF1CDAE', '02DFF760-2559-451D-A2E7-FB1501F8CC52', 'BROCHIER')
insert into Cidades(Id, IdRegiao, Nome) values('6587E086-6179-455A-8099-9177578EAEE4', '1DCB9EFC-8CEA-46FE-B512-74D5DA9FF2AD', 'MANOEL VIANA')
insert into Cidades(Id, IdRegiao, Nome) values('3AC2CD5B-D89B-4A40-A192-91894B9A884D', '72430313-C720-40DA-B771-0FB8EDC867A0', 'CASCA')
insert into Cidades(Id, IdRegiao, Nome) values('3E1A8402-6824-4B24-865D-9359F24D6C61', '02DFF760-2559-451D-A2E7-FB1501F8CC52', 'DOUTOR RICARDO')
insert into Cidades(Id, IdRegiao, Nome) values('DED2E3A6-D86A-43DB-95AA-93DE529D7210', '72430313-C720-40DA-B771-0FB8EDC867A0', 'VILA FLORES')
insert into Cidades(Id, IdRegiao, Nome) values('AF357992-71C4-45FE-8E52-9630F3CD60AB', '4CBCBC96-7FAA-4FF2-816F-503F31B2B233', 'SAO JOSE DAS MISSOES')
insert into Cidades(Id, IdRegiao, Nome) values('F2DAE62F-DB18-4B13-8CD5-9863CB8E1905', '2E957833-20EF-4C2C-8AD2-3C1E599E9DB9', 'MATA')
insert into Cidades(Id, IdRegiao, Nome) values('14BEE166-41DA-40B7-86B8-990F16A99641', '72430313-C720-40DA-B771-0FB8EDC867A0', 'CARAZINHO')
insert into Cidades(Id, IdRegiao, Nome) values('6625175F-F2EB-4685-8AC5-994EC2ABC20D', '4CBCBC96-7FAA-4FF2-816F-503F31B2B233', 'PALMEIRA DAS MISSOES')
insert into Cidades(Id, IdRegiao, Nome) values('946A1AFA-F66A-4A48-86F4-9957A8A5D6C9', '72430313-C720-40DA-B771-0FB8EDC867A0', 'IBIRAPUITA')
insert into Cidades(Id, IdRegiao, Nome) values('95D467E8-1B5E-4E51-819C-99BCC36421F9', '4CBCBC96-7FAA-4FF2-816F-503F31B2B233', 'BRAGA')
insert into Cidades(Id, IdRegiao, Nome) values('101FDEC1-F622-45F0-AA40-99D22ED4E047', '2E957833-20EF-4C2C-8AD2-3C1E599E9DB9', 'ROQUE GONZALES')
insert into Cidades(Id, IdRegiao, Nome) values('22958D56-B804-42FF-9402-9A25EB851253', 'D4B71091-9B41-47B6-AFD8-EA9DD13F4842', 'CACAPAVA DO SUL')
insert into Cidades(Id, IdRegiao, Nome) values('0B4C4B44-30F7-434D-B0FE-9BF73DD06BEE', 'D4B71091-9B41-47B6-AFD8-EA9DD13F4842', 'QUINZE DE NOVEMBRO')
insert into Cidades(Id, IdRegiao, Nome) values('DD7EFA17-2C22-47A8-B138-9C1B70C26B00', '1780346E-9CAA-45E7-83D1-6EA0F0EDA318', 'AGUDO')
insert into Cidades(Id, IdRegiao, Nome) values('EA3B28C7-8AA7-426B-AADA-9CF7AE503A43', 'D4BA2DBA-7AC6-43B4-A13E-CA4E32A2C1F0', 'GRAVATAI')
insert into Cidades(Id, IdRegiao, Nome) values('17F725C8-7AC5-4507-82A3-9D2D74264383', '72430313-C720-40DA-B771-0FB8EDC867A0', 'VIADUTOS')
insert into Cidades(Id, IdRegiao, Nome) values('D362812E-1F84-4ACD-8FB7-9D96EFE54EF6', '9702F592-CC2C-4A46-9EA7-998EB061A85A', 'LINDOLFO COLLOR')
insert into Cidades(Id, IdRegiao, Nome) values('45E135BF-1B00-484A-AAAD-9E77C1F91324', '1780346E-9CAA-45E7-83D1-6EA0F0EDA318', 'TUNAS')
insert into Cidades(Id, IdRegiao, Nome) values('3F967A91-ACF2-4700-A6E7-9EDCF3F16B62', '4CBCBC96-7FAA-4FF2-816F-503F31B2B233', 'SANTO AUGUSTO')
insert into Cidades(Id, IdRegiao, Nome) values('9D9F1743-18EB-4AC1-BD87-A01D61BEF645', '4CBCBC96-7FAA-4FF2-816F-503F31B2B233', 'NOVO XINGU')
insert into Cidades(Id, IdRegiao, Nome) values('62FFF624-13A1-4B24-AE87-A087CDD4DD10', 'D4B71091-9B41-47B6-AFD8-EA9DD13F4842', 'SANTA MARGARIDA DO SUL')
insert into Cidades(Id, IdRegiao, Nome) values('9DA66E0A-30F4-4295-BB6F-A0B4472CE680', '2E957833-20EF-4C2C-8AD2-3C1E599E9DB9', 'JAGUARI')
insert into Cidades(Id, IdRegiao, Nome) values('D0F3FC94-602F-4648-AB7D-A1894131D6EB', '4CBCBC96-7FAA-4FF2-816F-503F31B2B233', 'IRAI')
insert into Cidades(Id, IdRegiao, Nome) values('7BB0CDAF-57DD-4CDD-8561-A1E13816F4A2', '188B8260-5EB3-48A7-A9C4-41D953E141DA', 'SAO FRANCISCO DE PAULA')
insert into Cidades(Id, IdRegiao, Nome) values('CD8FEE0D-5901-4A7B-AAD2-A1E5A9599436', '72430313-C720-40DA-B771-0FB8EDC867A0', 'COTIPORA')
insert into Cidades(Id, IdRegiao, Nome) values('D48D6728-1757-422F-A922-A3022345A433', '4CBCBC96-7FAA-4FF2-816F-503F31B2B233', 'NONOAI')
insert into Cidades(Id, IdRegiao, Nome) values('76C16F13-FE46-4290-BF78-A379353E734F', '72430313-C720-40DA-B771-0FB8EDC867A0', 'CASEIROS')
insert into Cidades(Id, IdRegiao, Nome) values('B9832604-7B37-436E-A7E0-A4427106CB64', '4CBCBC96-7FAA-4FF2-816F-503F31B2B233', 'ERVAL GRANDE')
insert into Cidades(Id, IdRegiao, Nome) values('5AEB5C08-ECED-4639-86EB-A4DDBACC5FCB', '4CBCBC96-7FAA-4FF2-816F-503F31B2B233', 'QUATRO IRMAOS')
insert into Cidades(Id, IdRegiao, Nome) values('102754E1-A376-4862-B0CE-A5AF028A2D47', '4CBCBC96-7FAA-4FF2-816F-503F31B2B233', 'JACUTINGA')
insert into Cidades(Id, IdRegiao, Nome) values('77A6BA61-C2DD-445A-B972-A5E761899E84', '72430313-C720-40DA-B771-0FB8EDC867A0', 'IBIRAIARAS')
insert into Cidades(Id, IdRegiao, Nome) values('373FF5BF-035B-44E7-935E-A6A0DAE61B5E', '4CBCBC96-7FAA-4FF2-816F-503F31B2B233', 'NOVO BARREIRO')
insert into Cidades(Id, IdRegiao, Nome) values('BEDF0A81-FE0D-4FE5-8241-A76EEBB6B2C6', '72430313-C720-40DA-B771-0FB8EDC867A0', 'TAPEJARA')
insert into Cidades(Id, IdRegiao, Nome) values('E7326404-D1EE-4509-8D2A-A8218EB685FC', 'D4BA2DBA-7AC6-43B4-A13E-CA4E32A2C1F0', 'GLORINHA')
insert into Cidades(Id, IdRegiao, Nome) values('5B3D5473-90F1-4C62-B9D8-A82642631754', '188B8260-5EB3-48A7-A9C4-41D953E141DA', 'JAQUIRANA')
insert into Cidades(Id, IdRegiao, Nome) values('1C43DA1B-3EBF-4B26-A915-A98187F0C8B3', '4CBCBC96-7FAA-4FF2-816F-503F31B2B233', 'MIRAGUAI')
insert into Cidades(Id, IdRegiao, Nome) values('F1A84EC7-CA3D-4BEB-84D8-AA2C315204A9', '2E957833-20EF-4C2C-8AD2-3C1E599E9DB9', 'SAO PAULO DAS MISSOES')
insert into Cidades(Id, IdRegiao, Nome) values('80A099D1-E725-45AD-8AF7-AAA4076CFACD', '188B8260-5EB3-48A7-A9C4-41D953E141DA', 'NOVA PADUA')
insert into Cidades(Id, IdRegiao, Nome) values('041BB212-D35D-4063-8C96-AAE20CFE2990', '02DFF760-2559-451D-A2E7-FB1501F8CC52', 'SAO JOSE DO HORTENCIO')
insert into Cidades(Id, IdRegiao, Nome) values('D848F6F7-E5DF-4E2B-97C2-AB62D5D3B42D', '72430313-C720-40DA-B771-0FB8EDC867A0', 'BARRA DO RIO AZUL')
insert into Cidades(Id, IdRegiao, Nome) values('B4D52437-D500-4F8B-8F2C-ABB253A80F22', '1780346E-9CAA-45E7-83D1-6EA0F0EDA318', 'CACHOEIRA DO SUL')
insert into Cidades(Id, IdRegiao, Nome) values('B6891DCD-571F-42CE-A130-AC6CBB67A1F9', '4CBCBC96-7FAA-4FF2-816F-503F31B2B233', 'LAJEADO DO BUGRE')
insert into Cidades(Id, IdRegiao, Nome) values('CD78ED06-3F47-4757-A8F4-ADFBE4496BE8', '4CBCBC96-7FAA-4FF2-816F-503F31B2B233', 'VICENTE DUTRA')
insert into Cidades(Id, IdRegiao, Nome) values('C3F8A92D-7B59-4137-B7C6-AE356BE56A57', '188B8260-5EB3-48A7-A9C4-41D953E141DA', 'IPE')
insert into Cidades(Id, IdRegiao, Nome) values('08899566-1ABA-4256-B217-AEBF1A2B2C1B', '188B8260-5EB3-48A7-A9C4-41D953E141DA', 'MONTE ALEGRE DOS CAMPOS')
insert into Cidades(Id, IdRegiao, Nome) values('9345A611-BF81-4148-A10C-AFEF9259253C', '1780346E-9CAA-45E7-83D1-6EA0F0EDA318', 'BOQUEIRAO DO LEAO')
insert into Cidades(Id, IdRegiao, Nome) values('0BEB4897-B1F8-442E-A5D4-B04317CB9B24', '9702F592-CC2C-4A46-9EA7-998EB061A85A', 'RIOZINHO')
insert into Cidades(Id, IdRegiao, Nome) values('AB50EF48-9B82-48B9-910C-B0A63BBF5A2C', '188B8260-5EB3-48A7-A9C4-41D953E141DA', 'MUITOS CAPOES')
insert into Cidades(Id, IdRegiao, Nome) values('CFCCCDA7-CE79-4D1D-B431-B640383AC23B', '1DCB9EFC-8CEA-46FE-B512-74D5DA9FF2AD', 'URUGUAIANA')
insert into Cidades(Id, IdRegiao, Nome) values('7DB443BE-7981-400B-B919-B762E21C85A6', '02DFF760-2559-451D-A2E7-FB1501F8CC52', 'MONTE BELO DO SUL')
insert into Cidades(Id, IdRegiao, Nome) values('9EBB1BCF-F05A-4F3F-8901-B81CADCD7DFD', '4CBCBC96-7FAA-4FF2-816F-503F31B2B233', 'BENJAMIN CONSTANT DO SUL')
insert into Cidades(Id, IdRegiao, Nome) values('27EAA4A1-2BB5-43ED-BEA7-BA3CC5FD0678', '02DFF760-2559-451D-A2E7-FB1501F8CC52', 'TRAVESSEIRO')
insert into Cidades(Id, IdRegiao, Nome) values('E2D3A57C-2CB7-4816-B6E6-BB119DDFB689', '2E957833-20EF-4C2C-8AD2-3C1E599E9DB9', 'ROLADOR')
insert into Cidades(Id, IdRegiao, Nome) values('356FBD9B-8F62-4E96-9FB0-BB514EBE28C5', '1780346E-9CAA-45E7-83D1-6EA0F0EDA318', 'SERIO')
insert into Cidades(Id, IdRegiao, Nome) values('BB839D32-CBAF-44E8-8474-BC369AF04CFB', '2E957833-20EF-4C2C-8AD2-3C1E599E9DB9', 'SAO MIGUEL DAS MISSOES')
insert into Cidades(Id, IdRegiao, Nome) values('919EEF46-0F97-49DC-B02B-BCE52BC0535D', 'D4B71091-9B41-47B6-AFD8-EA9DD13F4842', 'JULIO DE CASTILHOS')
insert into Cidades(Id, IdRegiao, Nome) values('01961A8E-69A8-45AD-A52C-BD61C7C0DAA4', '72430313-C720-40DA-B771-0FB8EDC867A0', 'SELBACH')
insert into Cidades(Id, IdRegiao, Nome) values('E0EA98FA-3BA6-45C8-B3DA-BDBCDEEA3CA4', '02DFF760-2559-451D-A2E7-FB1501F8CC52', 'PINTO BANDEIRA')
insert into Cidades(Id, IdRegiao, Nome) values('6AF25C2B-ECBD-4502-85AF-BE00A58C863D', '02DFF760-2559-451D-A2E7-FB1501F8CC52', 'MONTENEGRO')
insert into Cidades(Id, IdRegiao, Nome) values('9F863199-E2DF-480A-98B8-BE512EB1BFF8', '4CBCBC96-7FAA-4FF2-816F-503F31B2B233', 'TENENTE PORTELA')
insert into Cidades(Id, IdRegiao, Nome) values('7C8E2D49-43D5-4AF6-8DE3-BF1B78D02DD2', '02DFF760-2559-451D-A2E7-FB1501F8CC52', 'BOA VISTA DO SUL')
insert into Cidades(Id, IdRegiao, Nome) values('03212261-30D2-48A0-A340-C0953008B48D', '72430313-C720-40DA-B771-0FB8EDC867A0', 'CACIQUE DOBLE')
insert into Cidades(Id, IdRegiao, Nome) values('FF2E5F8E-3721-4CB0-A0AB-C1F4944665C5', '72430313-C720-40DA-B771-0FB8EDC867A0', 'TIO HUGO')
insert into Cidades(Id, IdRegiao, Nome) values('7773EB26-DABF-4FE6-B100-C23FC531F781', '2E957833-20EF-4C2C-8AD2-3C1E599E9DB9', 'SAO BORJA')
insert into Cidades(Id, IdRegiao, Nome) values('EBDBB9B8-4005-43D2-8DBC-C32B0ED4882E', '2E957833-20EF-4C2C-8AD2-3C1E599E9DB9', 'UBIRETAMA')
insert into Cidades(Id, IdRegiao, Nome) values('DAC861A0-B0EA-42C4-B35B-C390371EA1BC', '2E957833-20EF-4C2C-8AD2-3C1E599E9DB9', 'VITORIA DAS MISSOES')
insert into Cidades(Id, IdRegiao, Nome) values('9DFF0EEC-EDF5-47CB-9FAA-C51F6F122AC8', '72430313-C720-40DA-B771-0FB8EDC867A0', 'TUPANCI DO SUL')
insert into Cidades(Id, IdRegiao, Nome) values('2B5D5F7C-D4FA-408A-85D8-C54E08F04D6A', '72430313-C720-40DA-B771-0FB8EDC867A0', 'VANINI')
insert into Cidades(Id, IdRegiao, Nome) values('CC95D760-22B6-48D5-91BF-C55D01AE7387', '02DFF760-2559-451D-A2E7-FB1501F8CC52', 'CRUZEIRO DO SUL')
insert into Cidades(Id, IdRegiao, Nome) values('48421F70-F9F9-442F-A7B0-C6E0FC254D2F', '72430313-C720-40DA-B771-0FB8EDC867A0', 'FAGUNDES VARELA')
insert into Cidades(Id, IdRegiao, Nome) values('5D76819A-CDA7-45F5-956D-C7CA62688483', 'D4BA2DBA-7AC6-43B4-A13E-CA4E32A2C1F0', 'SAPUCAIA DO SUL')
insert into Cidades(Id, IdRegiao, Nome) values('D7DC9635-A6DF-4F98-A257-CB7635DAB750', '4CBCBC96-7FAA-4FF2-816F-503F31B2B233', 'DOUTOR MAURICIO CARDOSO')
insert into Cidades(Id, IdRegiao, Nome) values('4D49BA9A-E3E9-46C0-B629-CD4B93B27E2C', '4CBCBC96-7FAA-4FF2-816F-503F31B2B233', 'CRUZALTENSE')
insert into Cidades(Id, IdRegiao, Nome) values('1E2FC574-71AF-41C4-888D-CD94B2F4CB87', '188B8260-5EB3-48A7-A9C4-41D953E141DA', 'BOM JESUS')
insert into Cidades(Id, IdRegiao, Nome) values('10B017F5-3BB2-44A3-9DD0-CE36A0E4A9D1', '02DFF760-2559-451D-A2E7-FB1501F8CC52', 'PORTAO')
insert into Cidades(Id, IdRegiao, Nome) values('A68C6900-478D-4394-9540-CE77B0AC007E', '72430313-C720-40DA-B771-0FB8EDC867A0', 'GAURAMA')
insert into Cidades(Id, IdRegiao, Nome) values('4779CEF6-11B5-424A-AEC7-D04045A8B58F', 'D4B71091-9B41-47B6-AFD8-EA9DD13F4842', 'PINHAL GRANDE')
insert into Cidades(Id, IdRegiao, Nome) values('5F9D3FF8-4301-4E26-92D3-D09B8E883202', '4CBCBC96-7FAA-4FF2-816F-503F31B2B233', 'SAO VALERIO DO SUL')
insert into Cidades(Id, IdRegiao, Nome) values('CCD7134B-21BC-4DF2-B32A-D0A2A7888AE4', '4CBCBC96-7FAA-4FF2-816F-503F31B2B233', 'BARRA FUNDA')
insert into Cidades(Id, IdRegiao, Nome) values('BABA4C88-3402-4395-B1E1-D159BF64E814', '4CBCBC96-7FAA-4FF2-816F-503F31B2B233', 'PALMITINHO')
insert into Cidades(Id, IdRegiao, Nome) values('9B129E11-9684-48E3-B6BF-D1AC2AFA8D90', '4CBCBC96-7FAA-4FF2-816F-503F31B2B233', 'HUMAITA')
insert into Cidades(Id, IdRegiao, Nome) values('9115DCA4-5E90-47C1-9A23-D22CC694D644', '4CBCBC96-7FAA-4FF2-816F-503F31B2B233', 'CONSTANTINA')
insert into Cidades(Id, IdRegiao, Nome) values('4147CCEF-494F-4EC7-BF05-D3ABD107CBB3', '02DFF760-2559-451D-A2E7-FB1501F8CC52', 'TEUTONIA')
insert into Cidades(Id, IdRegiao, Nome) values('7D24E25D-50D9-4D80-B08C-D3C36735E1CA', '1780346E-9CAA-45E7-83D1-6EA0F0EDA318', 'MATO LEITAO')
insert into Cidades(Id, IdRegiao, Nome) values('47872241-47A6-4B6C-BD12-D4789A4A6B77', '1780346E-9CAA-45E7-83D1-6EA0F0EDA318', 'VALE DO SOL')
insert into Cidades(Id, IdRegiao, Nome) values('FB26D5A7-16AA-452E-98F0-D5C08A4494DF', '72430313-C720-40DA-B771-0FB8EDC867A0', 'CARLOS GOMES')
insert into Cidades(Id, IdRegiao, Nome) values('36157289-A1AC-4011-8448-D5DE9C93ADD8', '9702F592-CC2C-4A46-9EA7-998EB061A85A', 'CAMPO BOM')
insert into Cidades(Id, IdRegiao, Nome) values('198CCE1A-9C75-4CBD-991F-D60C06041C44', '72430313-C720-40DA-B771-0FB8EDC867A0', 'SOLEDADE')
insert into Cidades(Id, IdRegiao, Nome) values('A7AA97FA-E22B-407A-BB12-D6F63398FA59', '72430313-C720-40DA-B771-0FB8EDC867A0', 'SAO DOMINGOS DO SUL')
insert into Cidades(Id, IdRegiao, Nome) values('8BC0AF0F-F0E1-4B80-906C-D76438E87C7A', '2E957833-20EF-4C2C-8AD2-3C1E599E9DB9', 'AUGUSTO PESTANA')
insert into Cidades(Id, IdRegiao, Nome) values('D3B0A6FC-DA6F-42FA-869F-D771D7FA0CA4', '72430313-C720-40DA-B771-0FB8EDC867A0', 'VISTA ALEGRE DO PRATA')
insert into Cidades(Id, IdRegiao, Nome) values('668F1CC1-6528-4AB1-8443-D7B5C8895180', '72430313-C720-40DA-B771-0FB8EDC867A0', 'TRES ARROIOS')
insert into Cidades(Id, IdRegiao, Nome) values('84DA4B71-F708-4EE4-9FAF-D8A175A853BF', 'D4B71091-9B41-47B6-AFD8-EA9DD13F4842', 'PEJUCARA')
insert into Cidades(Id, IdRegiao, Nome) values('0A0BCA20-8FDC-4633-B556-D94731C805CA', '72430313-C720-40DA-B771-0FB8EDC867A0', 'ARVOREZINHA')
insert into Cidades(Id, IdRegiao, Nome) values('36545E3A-4BE4-4074-80A0-D9D0499A8FA0', '72430313-C720-40DA-B771-0FB8EDC867A0', 'NOVA BASSANO')
insert into Cidades(Id, IdRegiao, Nome) values('A9C18532-E31E-473D-B055-DAFDDEBED27F', '9702F592-CC2C-4A46-9EA7-998EB061A85A', 'PRESIDENTE LUCENA')
insert into Cidades(Id, IdRegiao, Nome) values('89B5FBDF-A9C4-49EB-BB3D-DBB9724E8C77', '4CBCBC96-7FAA-4FF2-816F-503F31B2B233', 'PLANALTO')
insert into Cidades(Id, IdRegiao, Nome) values('5EA3B66F-DEEC-4CF3-A57F-DBD3E52279B4', '4CBCBC96-7FAA-4FF2-816F-503F31B2B233', 'VISTA ALEGRE')
insert into Cidades(Id, IdRegiao, Nome) values('C3854EC6-4FC4-446C-AA5C-DC13A14FFD29', '188B8260-5EB3-48A7-A9C4-41D953E141DA', 'NOVA ROMA DO SUL')
insert into Cidades(Id, IdRegiao, Nome) values('EAFED74F-0ED2-46F2-8174-DC59EE59FA21', '72430313-C720-40DA-B771-0FB8EDC867A0', 'ILOPOLIS')
insert into Cidades(Id, IdRegiao, Nome) values('CCA25D67-2FAC-4665-AB72-DDE3930CF072', '4CBCBC96-7FAA-4FF2-816F-503F31B2B233', 'ENGENHO VELHO')
insert into Cidades(Id, IdRegiao, Nome) values('96B36943-894F-4FAE-8AEC-DDF78CC5414E', '2E957833-20EF-4C2C-8AD2-3C1E599E9DB9', 'ITAQUI')
insert into Cidades(Id, IdRegiao, Nome) values('45E42602-B331-41C1-8178-DEC59C3A77FB', '72430313-C720-40DA-B771-0FB8EDC867A0', 'SAO JOAO DA URTIGA')
insert into Cidades(Id, IdRegiao, Nome) values('339C5889-3761-40B6-A050-DF265CED2553', '72430313-C720-40DA-B771-0FB8EDC867A0', 'NOVA ARACA')
insert into Cidades(Id, IdRegiao, Nome) values('F354468C-760A-4AC7-BAD1-DF87F53BEC9D', '188B8260-5EB3-48A7-A9C4-41D953E141DA', 'CAXIAS DO SUL')
insert into Cidades(Id, IdRegiao, Nome) values('40E9EE09-8351-4E50-ADFF-DFD283818B26', '72430313-C720-40DA-B771-0FB8EDC867A0', 'SERTAO')
insert into Cidades(Id, IdRegiao, Nome) values('9AC7391D-0127-4C23-A3D5-E1391FA5EFE4', '72430313-C720-40DA-B771-0FB8EDC867A0', 'CAPAO BONITO DO SUL')
insert into Cidades(Id, IdRegiao, Nome) values('BFA103A8-91C0-4330-9A43-E15D73799EE3', '4CBCBC96-7FAA-4FF2-816F-503F31B2B233', 'TRES PALMEIRAS')
insert into Cidades(Id, IdRegiao, Nome) values('B5C2706E-8B9D-49BF-905A-E1A9AF53660C', '188B8260-5EB3-48A7-A9C4-41D953E141DA', 'GRAMADO')
insert into Cidades(Id, IdRegiao, Nome) values('60D0FC48-57DB-48F1-BCD9-E1E7DD89BF31', '4CBCBC96-7FAA-4FF2-816F-503F31B2B233', 'BARRA DO GUARITA')
insert into Cidades(Id, IdRegiao, Nome) values('6EB0FCAD-07D1-4A65-9C56-E2F9329A3773', '4CBCBC96-7FAA-4FF2-816F-503F31B2B233', 'DOIS IRMAOS DAS MISSOES')
insert into Cidades(Id, IdRegiao, Nome) values('AE9B58C7-A7FF-49DB-9CE1-E37011DE4CDD', '02DFF760-2559-451D-A2E7-FB1501F8CC52', 'COQUEIRO BAIXO')
insert into Cidades(Id, IdRegiao, Nome) values('B22C7C57-73E1-4B84-A15E-E3FAFE09C3F7', 'D4B71091-9B41-47B6-AFD8-EA9DD13F4842', 'FORTALEZA DOS VALOS')
insert into Cidades(Id, IdRegiao, Nome) values('9BED10AC-239F-4968-A3CF-E4955E36CD67', '02DFF760-2559-451D-A2E7-FB1501F8CC52', 'ESTRELA')
insert into Cidades(Id, IdRegiao, Nome) values('62F5A22D-B623-41E9-A96F-E58DC7E6E230', '72430313-C720-40DA-B771-0FB8EDC867A0', 'AGUA SANTA')
insert into Cidades(Id, IdRegiao, Nome) values('AD85AE4A-1A64-43A4-B6AE-E5C8E0ADA081', '72430313-C720-40DA-B771-0FB8EDC867A0', 'SEVERIANO DE ALMEIDA')
insert into Cidades(Id, IdRegiao, Nome) values('F85549FC-7EA1-47DE-BAE7-E64E46B6CAD4', '2E957833-20EF-4C2C-8AD2-3C1E599E9DB9', 'ITACURUBI')
insert into Cidades(Id, IdRegiao, Nome) values('A560E920-75EC-44EE-8806-E65BE8290122', '2E957833-20EF-4C2C-8AD2-3C1E599E9DB9', 'JOIA')
insert into Cidades(Id, IdRegiao, Nome) values('F30A4114-DA5D-46FB-B060-E66F5EB1ED3E', '2E957833-20EF-4C2C-8AD2-3C1E599E9DB9', 'CATUIPE')
insert into Cidades(Id, IdRegiao, Nome) values('5A9FE2D7-B99E-4944-8A63-E67D080249BC', '72430313-C720-40DA-B771-0FB8EDC867A0', 'ERNESTINA')
insert into Cidades(Id, IdRegiao, Nome) values('89408869-92A8-40E3-83D2-E67D269284E1', '4CBCBC96-7FAA-4FF2-816F-503F31B2B233', 'GRAMADO DOS LOUREIROS')
insert into Cidades(Id, IdRegiao, Nome) values('C15087B8-134A-4E9F-B98D-E7271524472E', '72430313-C720-40DA-B771-0FB8EDC867A0', 'VILA MARIA')
insert into Cidades(Id, IdRegiao, Nome) values('D436EB8B-357A-4646-A6D7-E78FCEBA74B5', '72430313-C720-40DA-B771-0FB8EDC867A0', 'MAXIMILIANO DE ALMEIDA')
insert into Cidades(Id, IdRegiao, Nome) values('3DA41B05-87A3-4E7D-8897-E926802E2EDD', '72430313-C720-40DA-B771-0FB8EDC867A0', 'MORMACO')
insert into Cidades(Id, IdRegiao, Nome) values('F215F483-0F48-4886-B9C1-E96494FE043C', '4CBCBC96-7FAA-4FF2-816F-503F31B2B233', 'CORONEL BICACO')
insert into Cidades(Id, IdRegiao, Nome) values('F1E4C448-DAC6-4F50-8041-E9E5E5323BEE', '72430313-C720-40DA-B771-0FB8EDC867A0', 'EREBANGO')
insert into Cidades(Id, IdRegiao, Nome) values('AAD28F6F-8795-45ED-A601-EA78A6432121', '72430313-C720-40DA-B771-0FB8EDC867A0', 'NOVA ALVORADA')
insert into Cidades(Id, IdRegiao, Nome) values('60D49A65-CC96-46CB-9D02-EA95399F4A12', '1DCB9EFC-8CEA-46FE-B512-74D5DA9FF2AD', 'ALEGRETE')
insert into Cidades(Id, IdRegiao, Nome) values('6EEA72C6-9965-4D0C-9192-EA97A175177F', 'D4B71091-9B41-47B6-AFD8-EA9DD13F4842', 'SAO MARTINHO DA SERRA')
insert into Cidades(Id, IdRegiao, Nome) values('5A19F5AE-0630-474E-97E0-EBCD56996E9A', '72430313-C720-40DA-B771-0FB8EDC867A0', 'BARRACAO')
insert into Cidades(Id, IdRegiao, Nome) values('F8395995-A36C-41DC-833B-EC99109FAAAB', '72430313-C720-40DA-B771-0FB8EDC867A0', 'SAO JORGE')
insert into Cidades(Id, IdRegiao, Nome) values('EB7D3B5A-71AC-49FE-9322-ECB1F8EEF27E', '4CBCBC96-7FAA-4FF2-816F-503F31B2B233', 'SAO PEDRO DAS MISSOES')
insert into Cidades(Id, IdRegiao, Nome) values('E81AD3FE-BAE0-4CEC-8977-ED13641D8FE9', '72430313-C720-40DA-B771-0FB8EDC867A0', 'CHARRUA')
insert into Cidades(Id, IdRegiao, Nome) values('03303983-1C88-4F5F-8D49-ED26843D47C2', '1780346E-9CAA-45E7-83D1-6EA0F0EDA318', 'VERA CRUZ')
insert into Cidades(Id, IdRegiao, Nome) values('E84AF807-D690-4AD5-8846-ED643D13E5EC', '72430313-C720-40DA-B771-0FB8EDC867A0', 'MACHADINHO')
insert into Cidades(Id, IdRegiao, Nome) values('3688B9AA-A0D9-4492-BD4E-EDFF6AA95224', '4CBCBC96-7FAA-4FF2-816F-503F31B2B233', 'PORTO MAUA')
insert into Cidades(Id, IdRegiao, Nome) values('43275DB5-8961-41B8-9312-EFA17AB9917C', '4CBCBC96-7FAA-4FF2-816F-503F31B2B233', 'SAGRADA FAMILIA')
insert into Cidades(Id, IdRegiao, Nome) values('203BF31A-8669-432C-94D3-F0C70644C4E0', '4CBCBC96-7FAA-4FF2-816F-503F31B2B233', 'CRISTAL DO SUL')
insert into Cidades(Id, IdRegiao, Nome) values('AE9AE27E-7671-48B9-9DD6-F10E96723C91', '72430313-C720-40DA-B771-0FB8EDC867A0', 'ESPUMOSO')
insert into Cidades(Id, IdRegiao, Nome) values('7E659D43-1BAA-44DD-BB31-F14D80901FBF', 'D4B71091-9B41-47B6-AFD8-EA9DD13F4842', 'VILA NOVA DO SUL')
insert into Cidades(Id, IdRegiao, Nome) values('96B03BBA-E88A-4CC1-BB88-F28B06695812', '4CBCBC96-7FAA-4FF2-816F-503F31B2B233', 'SEBERI')
insert into Cidades(Id, IdRegiao, Nome) values('B20B51E5-B7E1-4075-BD85-F2A78C0E2185', '4CBCBC96-7FAA-4FF2-816F-503F31B2B233', 'DERRUBADAS')
insert into Cidades(Id, IdRegiao, Nome) values('677308C4-C7BB-48A1-B4E1-F32838742CBD', '72430313-C720-40DA-B771-0FB8EDC867A0', 'PAIM FILHO')
insert into Cidades(Id, IdRegiao, Nome) values('F98FFEEF-A277-47B3-8C79-F38B48069F1C', '72430313-C720-40DA-B771-0FB8EDC867A0', 'MARIANO MORO')
insert into Cidades(Id, IdRegiao, Nome) values('D4DB6616-44A0-446D-BA3C-F5ABF8FD526A', '4CBCBC96-7FAA-4FF2-816F-503F31B2B233', 'CAMPO NOVO')
insert into Cidades(Id, IdRegiao, Nome) values('2A87F1B2-4B5A-4532-BD11-F5BEA2004863', '4CBCBC96-7FAA-4FF2-816F-503F31B2B233', 'SARANDI')
insert into Cidades(Id, IdRegiao, Nome) values('70168441-FF5D-49D7-BA3C-F5E557661AB1', '72430313-C720-40DA-B771-0FB8EDC867A0', 'LAGOA VERMELHA')
insert into Cidades(Id, IdRegiao, Nome) values('4306CD11-22EE-4A7D-85EB-F6392701677B', '4CBCBC96-7FAA-4FF2-816F-503F31B2B233', 'PORTO LUCENA')
insert into Cidades(Id, IdRegiao, Nome) values('B487F9A9-5785-4215-8E5E-F733873A14BE', 'D4B71091-9B41-47B6-AFD8-EA9DD13F4842', 'CRUZ ALTA')
insert into Cidades(Id, IdRegiao, Nome) values('AEB921FF-29FE-4FB9-8E7B-F7A659A0FF2E', '02DFF760-2559-451D-A2E7-FB1501F8CC52', 'CARLOS BARBOSA')
insert into Cidades(Id, IdRegiao, Nome) values('FBD4E26E-02D8-4CA4-B475-F88B1209AB08', '72430313-C720-40DA-B771-0FB8EDC867A0', 'ESTACAO')
insert into Cidades(Id, IdRegiao, Nome) values('1B54282E-0739-4069-8F76-F932FA9A3983', '2E957833-20EF-4C2C-8AD2-3C1E599E9DB9', 'UNISTALDA')
insert into Cidades(Id, IdRegiao, Nome) values('B87DF886-2C03-4C71-9BA0-F9410683296C', '4CBCBC96-7FAA-4FF2-816F-503F31B2B233', 'PORTO VERA CRUZ')
insert into Cidades(Id, IdRegiao, Nome) values('667986B1-7757-47A3-B101-F9640FCC2BDF', '1780346E-9CAA-45E7-83D1-6EA0F0EDA318', 'RIO PARDO')
insert into Cidades(Id, IdRegiao, Nome) values('52E080BA-B3CE-4C22-9807-FA00D4B4A024', 'D4B71091-9B41-47B6-AFD8-EA9DD13F4842', 'SALDO DO JACUI')
insert into Cidades(Id, IdRegiao, Nome) values('9D91C36A-739A-4DAC-B473-FA23A3EA4D3F', '72430313-C720-40DA-B771-0FB8EDC867A0', 'CIRIANO')
insert into Cidades(Id, IdRegiao, Nome) values('0748BF39-3F9A-423C-AB61-FA76B1EAEC08', '2E957833-20EF-4C2C-8AD2-3C1E599E9DB9', 'CERRO LARGO')
insert into Cidades(Id, IdRegiao, Nome) values('E96419F2-7DB3-47EC-9869-FAAEF4B98B3B', '72430313-C720-40DA-B771-0FB8EDC867A0', 'MARAU')
insert into Cidades(Id, IdRegiao, Nome) values('CCA16B8D-30A3-4E2E-8A95-FC492C5F2694', '02DFF760-2559-451D-A2E7-FB1501F8CC52', 'CORONEL PILAR')
insert into Cidades(Id, IdRegiao, Nome) values('C3848CC6-2E60-4583-A122-FE66B794614C', '9702F592-CC2C-4A46-9EA7-998EB061A85A', 'NOVA HARTZ')
insert into Cidades(Id, IdRegiao, Nome) values('B877B084-94E6-49F9-B3A5-FE986983A79F', '1780346E-9CAA-45E7-83D1-6EA0F0EDA318', 'HERVEIRAS')
insert into Cidades(Id, IdRegiao, Nome) values('4DE10E99-AB5F-4EC1-94CA-FF49FE3FC7DD', '4CBCBC96-7FAA-4FF2-816F-503F31B2B233', 'PINHEIRINHO DO VALE')
insert into Cidades(Id, IdRegiao, Nome) values('D9B29E2E-CCB7-4DB2-873D-FF5301B1EDF0', '02DFF760-2559-451D-A2E7-FB1501F8CC52', 'RELVADO')
insert into Cidades(Id, IdRegiao, Nome) values('091D87E3-11A1-4130-B896-462B07AC7608', '2E957833-20EF-4C2C-8AD2-3C1E599E9DB9', 'GUARANI DAS MISSOES')

-- Vistoriadores
insert into Vistoriadores(Id, Nome) values('BA7BD879-20E0-4EEF-AA2B-FCAF1BD38832', 'Sidinei')
insert into Vistoriadores(Id, Nome) values('9735B8E3-708F-4D50-8C65-2565FC2532A2', 'Julio')
insert into Vistoriadores(Id, Nome) values('BEA876C3-B001-4104-BBE6-CD7BAE458B82', 'Mateus')
insert into Vistoriadores(Id, Nome) values('81DA66A1-9C75-46D8-9CE9-79278CCD23B3', 'Davi')
insert into Vistoriadores(Id, Nome) values('880BCD96-3DAB-48F8-9E9A-DCDAC26DA752', 'Rudimar')

-- Equipamentos Tipos
insert into EquipamentosTipos(Id, Descricao, TipoEquipamento) values('707913D5-7F2B-496B-9D9E-E675782A66DA', 'GELADEIRA', 'Refrigeracao')
insert into EquipamentosTipos(Id, Descricao, TipoEquipamento) values('F3B00715-33DB-4D89-8BA9-3269B0B24BEE', 'FREEZER', 'Refrigeracao')
insert into EquipamentosTipos(Id, Descricao, TipoEquipamento) values('7D583978-7236-4B8A-8CB0-EE5F63466696', 'REFRIGERADOR', 'Refrigeracao')
insert into EquipamentosTipos(Id, Descricao, TipoEquipamento) values('694A6451-A14C-4CD8-B78C-8560729AFB3A', 'CAMARA FRIA', 'Refrigeracao')
insert into EquipamentosTipos(Id, Descricao, TipoEquipamento) values('43701853-16DA-4FAB-94B6-08F27429B080', 'BALCAO', 'Refrigeracao')
insert into EquipamentosTipos(Id, Descricao, TipoEquipamento) values('E7BC83E6-FBA5-47A9-9392-EAD0942BE7AE', 'VISACOLLER', 'Refrigeracao')

-- Usuários
insert into Usuarios(Id, Nome, Email, Senha, Cadastro)
values('48B957A6-B468-4632-A973-61C39757705C', 'Renan Graf', 'renan.graf@hotmail.com', 'AM0y+8OxAXpZkzTcswMuxw==', GETDATE())

insert into UsuariosPermissoes(Id, IdUsuario, IdPermissao, Permitido)
values(NEWID(), '48B957A6-B468-4632-A973-61C39757705C', 'F294AC92-9A02-4374-AB2F-92C259B4A54E', 1)
insert into UsuariosPermissoes(Id, IdUsuario, IdPermissao, Permitido)
values(NEWID(), '48B957A6-B468-4632-A973-61C39757705C', '52DBCCE9-A3CF-4C90-AEFD-A7F1467CC950', 1)
insert into UsuariosPermissoes(Id, IdUsuario, IdPermissao, Permitido)
values(NEWID(), '48B957A6-B468-4632-A973-61C39757705C', '14a50201-b541-42ee-8430-2d578e02312a', 1)
